score,countlist,totallike,avelike,img1,img2
judysbakingproject,1,49,49,49
judysbakingproject,1,49,49,49
judysbakingproject,1,49,49,49
judysbakingproject,1,49,49,49
judysbakingproject,1,49,49,49
judysbakingproject,1,49,49,49
judysbakingproject,1,49,49,49
judysbakingproject,1,49,49,49
judysbakingproject,1,49,49,49
judysbakingproject,1,49,49,49
judysbakingproject,1,49,49,49
judysbakingproject,1,49,49,49
judysbakingproject,1,49,49,49
judysbakingproject,1,49,49,49
judysbakingproject,1,49,49,49
judysbakingproject,1,49,49,49
judysbakingproject,1,49,49,49
judysbakingproject,1,49,49,49
judysbakingproject,1,49,49,49
Slumber,4,18,['https://scontent.cdninstagram.com/hphotos-xfa1/t51.2885-15/e15/11349134_924419364246051_35858022_n.jpg']
Lo-fi,4,19,['https://scontent.cdninstagram.com/hphotos-xfa1/t51.2885-15/e15/11349134_924419364246051_35858022_n.jpg']
Nashville,4,38,['https://scontent.cdninstagram.com/hphotos-xfa1/t51.2885-15/e15/11349134_924419364246051_35858022_n.jpg']
Mayfair,5,30,['https://scontent.cdninstagram.com/hphotos-xfa1/t51.2885-15/e15/11349134_924419364246051_35858022_n.jpg']
Reyes,5,5,['https://scontent.cdninstagram.com/hphotos-xfa1/t51.2885-15/e15/11349134_924419364246051_35858022_n.jpg']
Crema,5,16,['https://scontent.cdninstagram.com/hphotos-xfa1/t51.2885-15/e15/11349134_924419364246051_35858022_n.jpg']
X-Pro II,6,4,['https://scontent.cdninstagram.com/hphotos-xfa1/t51.2885-15/e15/11349134_924419364246051_35858022_n.jpg']
Valencia,7,5,['https://scontent.cdninstagram.com/hphotos-xfa1/t51.2885-15/e15/11349134_924419364246051_35858022_n.jpg']
Ludwig,8,20,['https://scontent.cdninstagram.com/hphotos-xfa1/t51.2885-15/e15/11349134_924419364246051_35858022_n.jpg']
Lark,8,16,['https://scontent.cdninstagram.com/hphotos-xfa1/t51.2885-15/e15/11349134_924419364246051_35858022_n.jpg']
Amaro,12,9,['https://scontent.cdninstagram.com/hphotos-xfa1/t51.2885-15/e15/11349134_924419364246051_35858022_n.jpg']
Juno,22,20,['https://scontent.cdninstagram.com/hphotos-xfa1/t51.2885-15/e15/11349134_924419364246051_35858022_n.jpg']
Normal,165,25,['https://scontent.cdninstagram.com/hphotos-xfa1/t51.2885-15/e15/11349134_924419364246051_35858022_n.jpg']
