score,countlist,avelike,img1,img2
Normal,119,38,https://scontent.cdninstagram.com/hphotos-xaf1/t51.2885-15/e15/11420799_1591689684425729_29092836_n.jpg,https://scontent.cdninstagram.com/hphotos-xaf1/t51.2885-15/e15/11252181_942441075776901_358835366_n.jpg,https://scontent.cdninstagram.com/hphotos-xfa1/t51.2885-15/e15/11373956_372001969666116_1325203588_n.jpg,https://scontent.cdninstagram.com/hphotos-xaf1/t51.2885-15/e15/11386468_244592209044313_1189225230_n.jpg
Ludwig,10,25,https://scontent.cdninstagram.com/hphotos-xaf1/t51.2885-15/e15/11333616_840382142711936_1018074603_n.jpg,https://scontent.cdninstagram.com/hphotos-xaf1/t51.2885-15/e15/11386552_850327288374710_659306128_n.jpg,https://scontent.cdninstagram.com/hphotos-xfa1/t51.2885-15/e15/11326727_702507063208296_1287150032_n.jpg,https://scontent.cdninstagram.com/hphotos-xaf1/t51.2885-15/e15/11311329_895570810506673_304484956_n.jpg
Mayfair,9,12,https://scontent.cdninstagram.com/hphotos-xfa1/t51.2885-15/e15/11330624_1596219040654224_324726458_n.jpg,https://scontent.cdninstagram.com/hphotos-xaf1/t51.2885-15/e15/11372127_1438558443117882_2049929014_n.jpg,https://scontent.cdninstagram.com/hphotos-xaf1/t51.2885-15/e15/11325054_626908770777747_686936287_n.jpg,https://scontent.cdninstagram.com/hphotos-xaf1/t51.2885-15/e15/11355244_388987974638500_1770029682_n.jpg
Juno,9,18,https://scontent.cdninstagram.com/hphotos-xfa1/t51.2885-15/e15/11373494_421591951353925_1731659919_n.jpg,https://scontent.cdninstagram.com/hphotos-xfa1/t51.2885-15/e15/11410616_1048831081813749_1290842344_n.jpg,https://scontent.cdninstagram.com/hphotos-xfa1/t51.2885-15/e15/11356796_660947217382151_630682033_n.jpg,https://scontent.cdninstagram.com/hphotos-xaf1/t51.2885-15/e15/11410416_1402607813401771_713431320_n.jpg
Lark,9,58,https://scontent.cdninstagram.com/hphotos-xaf1/t51.2885-15/e15/11376622_1600655020189566_92242595_n.jpg,https://scontent.cdninstagram.com/hphotos-xaf1/t51.2885-15/e15/11254314_788178234635753_1090733720_n.jpg,https://scontent.cdninstagram.com/hphotos-xfa1/t51.2885-15/e15/11351732_880051918719908_1128777888_n.jpg,https://scontent.cdninstagram.com/hphotos-xaf1/t51.2885-15/e15/11377977_1554434371484082_1314212018_n.jpg
Sierra,8,31,https://scontent.cdninstagram.com/hphotos-xaf1/t51.2885-15/e15/11428609_970490149650463_382754387_n.jpg,https://scontent.cdninstagram.com/hphotos-xaf1/t51.2885-15/e15/11350935_403317369876583_1102574655_n.jpg,https://scontent.cdninstagram.com/hphotos-xfa1/t51.2885-15/e15/11419094_1668645793354802_815839901_n.jpg,https://scontent.cdninstagram.com/hphotos-xaf1/t51.2885-15/e15/11355160_1479262189032138_235159080_n.jpg
Amaro,7,19,https://scontent.cdninstagram.com/hphotos-xaf1/t51.2885-15/e15/11386461_1598457360423445_951452111_n.jpg,https://scontent.cdninstagram.com/hphotos-xaf1/t51.2885-15/e15/11327892_1596223970658458_27366454_n.jpg,https://scontent.cdninstagram.com/hphotos-xaf1/t51.2885-15/e15/11386441_900859789986729_1400202569_n.jpg,https://scontent.cdninstagram.com/hphotos-xaf1/t51.2885-15/e15/11374480_467402483422055_7151673_n.jpg
Crema,7,12,https://scontent.cdninstagram.com/hphotos-xaf1/t51.2885-15/e15/11378922_877227549024033_266990907_n.jpg,https://scontent.cdninstagram.com/hphotos-xaf1/t51.2885-15/e15/11356869_1398776803785644_28896266_n.jpg,https://scontent.cdninstagram.com/hphotos-xfa1/t51.2885-15/e15/11372462_1007597052583964_490360417_n.jpg,https://scontent.cdninstagram.com/hphotos-xaf1/t51.2885-15/e15/11376283_661586823978275_1766969447_n.jpg
Reyes,4,14,https://scontent.cdninstagram.com/hphotos-xaf1/t51.2885-15/e15/11372340_1654677844766585_928056915_n.jpg,https://scontent.cdninstagram.com/hphotos-xaf1/t51.2885-15/e15/11410702_854694551277232_579825526_n.jpg,https://scontent.cdninstagram.com/hphotos-xaf1/t51.2885-15/e15/11417236_1475967182695531_679057151_n.jpg,https://scontent.cdninstagram.com/hphotos-xaf1/t51.2885-15/e15/11378614_1592176937729502_1353377950_n.jpg
Slumber,4,16,https://scontent.cdninstagram.com/hphotos-xaf1/t51.2885-15/e15/11355252_650741648394119_1888131629_n.jpg,https://scontent.cdninstagram.com/hphotos-xaf1/t51.2885-15/e15/11357260_742096899234563_1857935370_n.jpg,https://scontent.cdninstagram.com/hphotos-xaf1/t51.2885-15/e15/11282850_771762552941697_429195118_n.jpg,https://scontent.cdninstagram.com/hphotos-xaf1/t51.2885-15/e15/11335530_1440012702984752_1466151640_n.jpg
