ID,Created At,Filter,Number of Likes,HashTags,url
992413052976048632_1960896609,2015-05-25 03:34:36,Normal,1,[Tag: monster],https://scontent.cdninstagram.com/hphotos-xaf1/t51.2885-15/e15/11378683_955119634532075_282329202_n.jpg
992412217665860830_43873788,2015-05-25 03:32:57,Normal,3,[Tag: prom2k15],https://scontent.cdninstagram.com/hphotos-xaf1/t51.2885-15/e15/11357899_633158663452201_764714087_n.jpg
992412115785564301_2928151,2015-05-25 03:32:44,Normal,2,"[Tag: itsavideo, Tag: teambonding, Tag: teamskyrise]",https://scontent.cdninstagram.com/hphotos-xaf1/t51.2885-15/e15/11357466_1436555873316886_671932495_n.jpg
992411633623225755_535486268,2015-05-25 03:31:47,Normal,1,"[Tag: papaya, Tag: koreankalbi, Tag: asianproblems, Tag: chinatown, Tag: diamondbakery, Tag: bakedmanapua]",https://scontent.cdninstagram.com/hphotos-xaf1/t51.2885-15/e15/11380248_838978182835801_881899532_n.jpg
992410829250843644_44279051,2015-05-25 03:30:11,Normal,0,"[Tag: bigbear, Tag: snowsummit]",https://scontent.cdninstagram.com/hphotos-xaf1/t51.2885-15/e15/11334679_1571487183124496_45080545_n.jpg
992410631892338126_358499320,2015-05-25 03:29:48,Normal,4,[Tag: sellouts],https://scontent.cdninstagram.com/hphotos-xaf1/t51.2885-15/e15/11372487_965838836783819_1732564617_n.jpg
992410512354308830_523173963,2015-05-25 03:29:33,Normal,6,"[Tag: dayclub, Tag: vegasbachelorette, Tag: cosmopolitan, Tag: vegasbachelor, Tag: drunk, Tag: club, Tag: vegaspromoter, Tag: drink, Tag: vegas, Tag: kevinhart, Tag: tao, Tag: pool, Tag: taolv, Tag: funny, Tag: speedo, Tag: marquee, Tag: cosmopoitan, Tag: venetian, Tag: sunday, Tag: taobeach, Tag: lasvegas, Tag: beach, Tag: memorialday]",https://scontent.cdninstagram.com/hphotos-xfa1/t51.2885-15/e15/11357681_587578271384460_1339888801_n.jpg
992410292761921586_195735257,2015-05-25 03:29:07,Normal,1,"[Tag: beautiful, Tag: golf, Tag: jw, Tag: paiute, Tag: golfer, Tag: iphonography, Tag: golfcourse, Tag: golfing, Tag: iphonesixplus, Tag: desert, Tag: iphoneonly, Tag: instagood, Tag: resort, Tag: instacool, Tag: green, Tag: lasvegas]",https://scontent.cdninstagram.com/hphotos-xfa1/t51.2885-15/e15/11312498_1492092984346404_2031646115_n.jpg
992408364741870781_391966072,2015-05-25 03:25:17,Normal,3,"[Tag: smiles, Tag: happiness, Tag: familytime]",https://scontent.cdninstagram.com/hphotos-xaf1/t51.2885-15/e15/11363794_883945811646512_1534586762_n.jpg
992407472504467267_253811178,2015-05-25 03:23:31,Nashville,7,"[Tag: vegas, Tag: vegalife, Tag: disney, Tag: ithinkimlost]",https://scontent.cdninstagram.com/hphotos-xaf1/t51.2885-15/e15/11311291_908939399149312_1490855257_n.jpg
992406009383885282_186224741,2015-05-25 03:20:37,Reyes,1,[Tag: hotmessexpress],https://scontent.cdninstagram.com/hphotos-xta1/t51.2885-15/e15/11176551_1452138571751391_1175574147_n.jpg
992405138803377644_216572416,2015-05-25 03:18:53,Normal,2,"[Tag: huglife, Tag: ontheroadtoedc2015, Tag: kkedcgiveaway1, Tag: edclv2015, Tag: edc2015]",https://scontent.cdninstagram.com/hphotos-xaf1/t51.2885-15/e15/11327961_791668474282779_54246853_n.jpg
992405043023674852_6438806,2015-05-25 03:18:41,Normal,12,[Tag: meadowsmustangs],https://scontent.cdninstagram.com/hphotos-xaf1/t51.2885-15/e15/11376388_1621450251429050_1334751607_n.jpg
992405034526208889_1580983995,2015-05-25 03:18:40,Hefe,0,[Tag: fortunecookie],https://scontent.cdninstagram.com/hphotos-xaf1/t51.2885-15/e15/11358985_1589372747999653_637080359_n.jpg
992404262632659715_40809965,2015-05-25 03:17:08,Rise,3,"[Tag: myfamily, Tag: love, Tag: bbq, Tag: family, Tag: ourhandsomeboys]",https://scontent.cdninstagram.com/hphotos-xfa1/t51.2885-15/e15/11363759_1447189032261028_478071017_n.jpg
992403251770815012_33768963,2015-05-25 03:15:08,Normal,72,"[Tag: badappletattoo, Tag: fanxlife]",https://scontent.cdninstagram.com/hphotos-xfa1/t51.2885-15/e15/11357435_1584128431827502_1636530234_n.jpg
992402592868408555_16651606,2015-05-25 03:13:49,Normal,17,[Tag: justsaying],https://scontent.cdninstagram.com/hphotos-xaf1/t51.2885-15/e15/11273307_103386406665565_168829840_n.jpg
992402077206311408_33768963,2015-05-25 03:12:48,Normal,61,[Tag: fanxlife],https://scontent.cdninstagram.com/hphotos-xfa1/t51.2885-15/e15/11327096_1629296937340734_1261499602_n.jpg
992401044433452113_197017990,2015-05-25 03:10:45,Lark,12,"[Tag: crazy, Tag: arizona, Tag: exhausted, Tag: nevada, Tag: mycrazylife, Tag: homesweethome]",https://scontent.cdninstagram.com/hphotos-xfa1/t51.2885-15/e15/11355224_961939140524708_1860469977_n.jpg
992400693971651046_509605513,2015-05-25 03:10:03,Normal,3,"[Tag: fish_tank_lover, Tag: beta]",https://scontent.cdninstagram.com/hphotos-xaf1/t51.2885-15/e15/11357526_449447361886237_398912357_n.jpg
992400472982204205_1717380554,2015-05-25 03:09:36,Normal,1,"[Tag: watchusrun, Tag: onedreamfamily, Tag: freetime, Tag: worlddiamonds, Tag: thecommission]",https://scontent.cdninstagram.com/hphotos-xaf1/t51.2885-15/e15/11280369_1777121925847512_494872126_n.jpg
992398702921403514_539513090,2015-05-25 03:06:06,Hefe,2,[Tag: sunsetsarefree],https://scontent.cdninstagram.com/hphotos-xfa1/t51.2885-15/e15/11372330_624089077692828_1972654329_n.jpg
992398355899731027_1179811394,2015-05-25 03:05:24,Normal,4,"[Tag: wherethegloryofthelordisrevealed, Tag: praisegod, Tag: hugsandhellos, Tag: shekinahgloryministries, Tag: lasvegaschurch, Tag: ourtimeourturn2015, Tag: lasvegas]",https://scontent.cdninstagram.com/hphotos-xfa1/t51.2885-15/e15/11377571_1637442516499476_1592676788_n.jpg
992396575771741261_539513090,2015-05-25 03:01:52,Hefe,2,[Tag: sunsetsarefree],https://scontent.cdninstagram.com/hphotos-xpa1/t51.2885-15/e15/1538380_717164398410915_2004404339_n.jpg
992396471091805491_253714558,2015-05-25 03:01:39,Normal,1,"[Tag: japaneserestaurant, Tag: birthday, Tag: tepenyaki, Tag: osaka, Tag: birthdaydinner]",https://scontent.cdninstagram.com/hphotos-xfa1/t51.2885-15/e15/11379812_394741107394989_1701816531_n.jpg
992396148546892743_2043701691,2015-05-25 03:01:01,Normal,4,"[Tag: talaga, Tag: foodie, Tag: foodporn, Tag: food, Tag: lumpia, Tag: adobo, Tag: likemamausedtomake, Tag: vegas, Tag: buffet, Tag: foodshot, Tag: pinoy, Tag: sanmiguelbeer, Tag: filipinofood, Tag: restaurant, Tag: phillipines, Tag: foodshare, Tag: dinner, Tag: lol, Tag: foodpics, Tag: sincity, Tag: pinoypood, Tag: yum, Tag: manila, Tag: smh, Tag: lasvegas, Tag: asianfood]",https://scontent.cdninstagram.com/hphotos-xaf1/t51.2885-15/e15/11374602_906614949398062_1149428369_n.jpg
992394963134522133_233770327,2015-05-25 02:58:40,Normal,1,[Tag: poltergeist],https://scontent.cdninstagram.com/hphotos-xaf1/t51.2885-15/e15/11375775_376692542534624_88660224_n.jpg
992394352506091782_206138757,2015-05-25 02:57:27,Normal,12,"[Tag: comment, Tag: avene, Tag: studioone, Tag: helpmeout, Tag: sonya6000, Tag: hiphop, Tag: sample, Tag: beats, Tag: chatswood, Tag: vivid2015, Tag: hiphopbeats, Tag: electronicmusic, Tag: ygpbeats, Tag: everyday, Tag: mpc, Tag: feedback, Tag: producers, Tag: a6000, Tag: vividsydney, Tag: triphop, Tag: electronica, Tag: instrumentals, Tag: musicproject, Tag: ideas, Tag: instrumental, Tag: ygproductions, Tag: musicproducer, Tag: music, Tag: funk, Tag: mpc500]",https://scontent.cdninstagram.com/hphotos-xaf1/t51.2885-15/e15/11333653_870495499688922_471207426_n.jpg
992394274886918507_1070744359,2015-05-25 02:57:18,Normal,50,"[Tag: jw, Tag: bestfriend, Tag: vscogood, Tag: vscocam, Tag: meeting, Tag: vsco]",https://scontent.cdninstagram.com/hphotos-xaf1/t51.2885-15/e15/11313504_1610429819210922_1178218207_n.jpg
992393775134980347_206138757,2015-05-25 02:56:18,Normal,11,"[Tag: comment, Tag: avene, Tag: studioone, Tag: helpmeout, Tag: sonya6000, Tag: hiphop, Tag: sample, Tag: beats, Tag: chatswood, Tag: vivid2015, Tag: hiphopbeats, Tag: electronicmusic, Tag: ygpbeats, Tag: everyday, Tag: mpc, Tag: feedback, Tag: producers, Tag: a6000, Tag: vividsydney, Tag: triphop, Tag: electronica, Tag: instrumentals, Tag: musicproject, Tag: ideas, Tag: instrumental, Tag: ygproductions, Tag: musicproducer, Tag: music, Tag: funk, Tag: mpc500]",https://scontent.cdninstagram.com/hphotos-xfa1/t51.2885-15/e15/11272976_789976547789510_846635095_n.jpg
992393319773324852_173685976,2015-05-25 02:55:24,Lo-fi,14,"[Tag: jw, Tag: bestlife, Tag: blessed, Tag: grateful]",https://scontent.cdninstagram.com/hphotos-xfa1/t51.2885-15/e15/11358983_1598614457063974_1762397748_n.jpg
992392849215303496_2073691898,2015-05-25 02:54:28,Normal,4,"[Tag: savingprivateryan, Tag: joice_themoviepage]",https://scontent.cdninstagram.com/hphotos-xaf1/t51.2885-15/e15/11333653_778621625591119_1261802187_n.jpg
992392116638166839_2073691898,2015-05-25 02:53:00,Normal,1,"[Tag: asimpleplan, Tag: joice_themoviepage]",https://scontent.cdninstagram.com/hphotos-xaf1/t51.2885-15/e15/11335135_1481801068777113_253677085_n.jpg
992391723598327596_2073691898,2015-05-25 02:52:14,Normal,2,"[Tag: aroomwithaview, Tag: joice_themoviepage]",https://scontent.cdninstagram.com/hphotos-xfa1/t51.2885-15/e15/11378495_1070636209617539_299660065_n.jpg
992391320978698022_2073691898,2015-05-25 02:51:26,Normal,2,"[Tag: anightinoldmexico, Tag: joice_themoviepage]",https://scontent.cdninstagram.com/hphotos-xaf1/t51.2885-15/e15/11313670_742765382510357_2010955715_n.jpg
992389681108914843_414449259,2015-05-25 02:48:10,Normal,842,"[Tag: summer, Tag: fashion, Tag: shoes, Tag: gq, Tag: urban, Tag: spring, Tag: streetstyle, Tag: ootd, Tag: theshoecam, Tag: dapper, Tag: guys, Tag: womensfashionreview, Tag: mensfashionreview, Tag: style, Tag: stylist, Tag: menswear, Tag: girls, Tag: suitandtie, Tag: mens, Tag: 1, Tag: mensfashion, Tag: mensshoes, Tag: 2015, Tag: mfrmagazine, Tag: womens, Tag: fashionblogger, Tag: picoftheday]",https://scontent.cdninstagram.com/hphotos-xpa1/t51.2885-15/e15/10448845_874338012659648_754271782_n.jpg
992388658905305687_1176122899,2015-05-25 02:46:08,Reyes,7,"[Tag: cute, Tag: thuglife, Tag: puppy]",https://scontent.cdninstagram.com/hphotos-xaf1/t51.2885-15/e15/11324245_839693479455763_1472219644_n.jpg
992388081669488955_574953951,2015-05-25 02:44:59,Normal,7,[Tag: thisgeneration],https://scontent.cdninstagram.com/hphotos-xaf1/t51.2885-15/e15/11330635_840188342739366_1983240928_n.jpg
992386673672983279_1905261795,2015-05-25 02:42:12,Normal,25,"[Tag: sobadashkids, Tag: brandrepsearch, Tag: kidzstyle, Tag: kidsfashion, Tag: ootd]",https://scontent.cdninstagram.com/hphotos-xaf1/t51.2885-15/e15/11371998_448016335379509_744838105_n.jpg
992386343732253413_1905261795,2015-05-25 02:41:32,Normal,15,"[Tag: brandrepsearch, Tag: hipsterbaby, Tag: sobadashkids, Tag: ootd, Tag: fashionkids, Tag: kidzstyle, Tag: kidsfashion]",https://scontent.cdninstagram.com/hphotos-xaf1/t51.2885-15/e15/11378094_1429524207368240_1493023075_n.jpg
991688931698029832_579950780,2015-05-24 03:35:54,Normal,182,[Tag: allaboutlacrosse],https://scontent.cdninstagram.com/hphotos-xfa1/t51.2885-15/e15/11356580_416363925211543_1429200035_n.jpg
991688906843826948_1178456993,2015-05-24 03:35:51,Normal,23,[Tag: gravady],https://scontent.cdninstagram.com/hphotos-xaf1/t51.2885-15/e15/11348112_448624008646803_1699903677_n.jpg
991684009458019637_25212954,2015-05-24 03:26:07,Normal,20,"[Tag: fitlife, Tag: vegas, Tag: fitness, Tag: gym, Tag: eosfitness, Tag: lasvegas, Tag: mdw]",https://scontent.cdninstagram.com/hphotos-xaf1/t51.2885-15/e15/11352078_837287943019196_1463316184_n.jpg
991682913369930925_206603918,2015-05-24 03:23:57,Mayfair,29,"[Tag: comment, Tag: love, Tag: picoftheday, Tag: colorful, Tag: photography, Tag: d, Tag: baby, Tag: contests, Tag: look, Tag: living, Tag: like, Tag: morning, Tag: popularpage, Tag: bestoftheday, Tag: picsart, Tag: lasvegas, Tag: like4like, Tag: photobomb, Tag: photooftheday]",https://scontent.cdninstagram.com/hphotos-xaf1/t51.2885-15/e15/11280586_1436880549946930_1282120984_n.jpg
991680829480171175_20993772,2015-05-24 03:19:48,Normal,6,"[Tag: strawberrylimemargarita, Tag: wavy]",https://scontent.cdninstagram.com/hphotos-xaf1/t51.2885-15/e15/11379277_585466658262200_96484820_n.jpg
991680576879524003_44415957,2015-05-24 03:19:18,Normal,37,"[Tag: active, Tag: motivation, Tag: fitspo, Tag: gym, Tag: fitness, Tag: instahealth, Tag: cleaneating, Tag: bodybuilding, Tag: healthychoices, Tag: determination, Tag: postworkoutmeal, Tag: healthylifestyle, Tag: strong, Tag: cardio, Tag: fitlifestyle, Tag: training, Tag: lifestyle, Tag: fit, Tag: diet, Tag: fitnessaddict, Tag: instagood, Tag: healthy, Tag: train, Tag: health, Tag: eatclean, Tag: getfit, Tag: tropicalsmoothie, Tag: workout, Tag: exercise, Tag: photooftheday]",https://scontent.cdninstagram.com/hphotos-xaf1/t51.2885-15/e15/11254191_1391910027805918_1575239303_n.jpg
991679685860556352_18788102,2015-05-24 03:17:32,Crema,13,"[Tag: bestwedding, Tag: gametime, Tag: loveyoucuz]",https://scontent.cdninstagram.com/hphotos-xaf1/t51.2885-15/e15/11280247_882672691780629_158981608_n.jpg
991679410493913224_44415957,2015-05-24 03:16:59,Normal,34,"[Tag: active, Tag: motivation, Tag: fitspo, Tag: gym, Tag: fitness, Tag: instahealth, Tag: cleaneating, Tag: bodybuilding, Tag: healthychoices, Tag: determination, Tag: diet, Tag: battleropes, Tag: healthylifestyle, Tag: strong, Tag: cardio, Tag: fitlifestyle, Tag: training, Tag: lifestyle, Tag: fit, Tag: healthy, Tag: fitnessaddict, Tag: instagood, Tag: train, Tag: health, Tag: eatclean, Tag: getfit, Tag: workout, Tag: exercise, Tag: photooftheday]",https://scontent.cdninstagram.com/hphotos-xaf1/t51.2885-15/e15/11324260_823301137754520_606850715_n.jpg
991678697239428608_1171699558,2015-05-24 03:15:34,Normal,67,"[Tag: doberman_pinscher, Tag: bslsucks, Tag: dogsofinstagram, Tag: dobermanpinscher, Tag: endbsl, Tag: ilovemydog, Tag: doberman, Tag: petsofinstagram, Tag: ilovedobermans, Tag: alldoberman, Tag: dobermansofinstagram, Tag: stopbsl, Tag: instadobes, Tag: dobermanpride]",https://scontent.cdninstagram.com/hphotos-xaf1/t51.2885-15/e15/11348266_1608707342718752_1324957985_n.jpg
991678296337795825_552937929,2015-05-24 03:14:46,Lark,9,"[Tag: hilling, Tag: jose, Tag: golf, Tag: ÎÇ†Ïî®Ïß±, Tag: Ïó¨Ìñâ, Tag: beer, Tag: „Öã„Öã„Öã, Tag: drunkengolf, Tag: lasvegas, Tag: ÌöåÏû•ÎãòÍ≥®ÌîÑ, Tag: Í≥®ÌîÑ]",https://scontent.cdninstagram.com/hphotos-xaf1/t51.2885-15/e15/11379022_398870406965542_764617504_n.jpg
991677048346085388_1827461249,2015-05-24 03:12:18,Nashville,8,"[Tag: saturdaynight, Tag: familytime, Tag: memorialwknd, Tag: vegaslivin]",https://scontent.cdninstagram.com/hphotos-xfa1/t51.2885-15/e15/11372423_1454677264826080_1266586966_n.jpg
991676479171874539_1593737450,2015-05-24 03:11:10,Brannan,12,"[Tag: thebeardorbarber, Tag: vintagegillette]",https://scontent.cdninstagram.com/hphotos-xfa1/t51.2885-15/e15/11378552_114936292171261_1415003240_n.jpg
991674881517477119_1566770438,2015-05-24 03:07:59,Normal,30,"[Tag: beautyblogger, Tag: motd, Tag: unhas, Tag: nails, Tag: makeup, Tag: naildesign, Tag: ongles, Tag: todayshow, Tag: invention, Tag: ootd, Tag: instaglam, Tag: frenchmanicure, Tag: nailtech, Tag: instanails, Tag: kathielee, Tag: hoda, Tag: frenchtips, Tag: beauty, Tag: pedicure, Tag: frenchnails, Tag: nailart, Tag: notd, Tag: –Ω–æ–≥—Ç–∏, Tag: mua, Tag: cosmetics, Tag: u√±as, Tag: nailpolish, Tag: nailstagram, Tag: bobbiethomas]",https://scontent.cdninstagram.com/hphotos-xaf1/t51.2885-15/e15/11374579_1852921844932099_1368098718_n.jpg
991674462154055726_1686885311,2015-05-24 03:07:09,Normal,5,"[Tag: vegaslife, Tag: wetrepublic, Tag: hakkasanlv, Tag: vegasclubs, Tag: vegaspromoter, Tag: mgmgrand, Tag: hakkasan, Tag: vegas2015, Tag: omnianightclub, Tag: caesarpalace, Tag: bachelor, Tag: vegasbaby, Tag: vegasnightlife, Tag: sorority, Tag: hakkasanlasvegas, Tag: xs, Tag: vegasbound, Tag: bachelorparty, Tag: vegasvacay, Tag: bachelorette, Tag: vegasready, Tag: omnia, Tag: vegasvacation, Tag: lasvegasstrip, Tag: bacheloretteparty, Tag: vegas, Tag: hakkasannightclub, Tag: lasvegas, Tag: vegasnights, Tag: vegashost]",https://scontent.cdninstagram.com/hphotos-xaf1/t51.2885-15/e15/11372041_812321362191644_175330147_n.jpg
991673990614518539_212661185,2015-05-24 03:06:13,Normal,14,"[Tag: princess, Tag: rip]",https://scontent.cdninstagram.com/hphotos-xaf1/t51.2885-15/e15/11325703_944991498884259_310104551_n.jpg
991673981940945739_1434301427,2015-05-24 03:06:12,Juno,9,"[Tag: lv, Tag: comingsoon, Tag: condom, Tag: modnoc, Tag: sincity, Tag: lasvegas, Tag: modnoclv]",https://scontent.cdninstagram.com/hphotos-xaf1/t51.2885-15/e15/11350765_438129686356687_1297643266_n.jpg
991673923096625222_1667643151,2015-05-24 03:06:05,Hefe,6,[Tag: thejdsquaredwedding],https://scontent.cdninstagram.com/hphotos-xaf1/t51.2885-15/e15/11247669_1594712094131570_2120552326_n.jpg
991672941452221240_477042069,2015-05-24 03:04:08,Normal,5,"[Tag: karma, Tag: wisdom]",https://scontent.cdninstagram.com/hphotos-xfa1/t51.2885-15/e15/11330561_1636201703292564_935012967_n.jpg
991672113923803896_51081457,2015-05-24 03:02:29,Reyes,9,[Tag: bowlingnight],https://scontent.cdninstagram.com/hphotos-xaf1/t51.2885-15/e15/11312509_463502507149243_390363234_n.jpg
991671955732835127_234732825,2015-05-24 03:02:11,Juno,1,[Tag: asiomasclaro],https://scontent.cdninstagram.com/hphotos-xfa1/t51.2885-15/e15/11357690_1412620979061794_1043730098_n.jpg
991671411187734568_1323039181,2015-05-24 03:01:06,Lo-fi,5,"[Tag: lonely, Tag: fire, Tag: firepit, Tag: listeningtomusic, Tag: youknowyouwanttocomeover, Tag: lonelyfire, Tag: chillax, Tag: chill]",https://scontent.cdninstagram.com/hphotos-xfa1/t51.2885-15/e15/11378357_376958142511813_1771487224_n.jpg
991671346475219831_22671453,2015-05-24 03:00:58,Normal,35,"[Tag: beautiful, Tag: perfect, Tag: curlyhair, Tag: littlesis, Tag: slay, Tag: littlebro, Tag: blacklove, Tag: prom2015, Tag: prom, Tag: yellow, Tag: ilovethem, Tag: white, Tag: nice, Tag: killingit, Tag: bighair]",https://scontent.cdninstagram.com/hphotos-xaf1/t51.2885-15/e15/11326275_385787601614312_1236571972_n.jpg
991671252272610315_416367878,2015-05-24 03:00:47,Normal,13,"[Tag: laughoften, Tag: brothers, Tag: family, Tag: lovemybabies, Tag: fun, Tag: funimate, Tag: laughter]",https://scontent.cdninstagram.com/hphotos-xaf1/t51.2885-15/e15/11373985_973255379381038_1776719814_n.jpg
991671081621523911_290136282,2015-05-24 03:00:26,Normal,6,[Tag: grandboy‚ù§],https://scontent.cdninstagram.com/hphotos-xfa1/t51.2885-15/e15/11378297_1451659348478168_1378333885_n.jpg
991670092285322073_443160743,2015-05-24 02:58:28,Normal,26,[Tag: lifeisgreat],https://scontent.cdninstagram.com/hphotos-xfa1/t51.2885-15/e15/11381462_1444571645844816_984926867_n.jpg
991668905199418129_6873469,2015-05-24 02:56:07,Normal,28,"[Tag: evening, Tag: art, Tag: show, Tag: universe, Tag: nature, Tag: mothernature, Tag: colors, Tag: sunset, Tag: ultimate, Tag: provides, Tag: gorgeous, Tag: pleasures, Tag: lasvegas, Tag: respect, Tag: saturday]",https://scontent.cdninstagram.com/hphotos-xaf1/t51.2885-15/e15/11327827_476661195831804_1359970059_n.jpg
991668576668816027_268284291,2015-05-24 02:55:28,Normal,95,[Tag: sohappyüòç],https://scontent.cdninstagram.com/hphotos-xaf1/t51.2885-15/e15/11376660_987686971256210_1803698753_n.jpg
991666617155292137_28532529,2015-05-24 02:51:34,Brooklyn,282,[Tag: flightteam‚úàÔ∏è‚úàÔ∏è‚úàÔ∏è],https://scontent.cdninstagram.com/hphotos-xaf1/t51.2885-15/e15/11330791_662100973934316_1250229507_n.jpg
991665386825208445_843474371,2015-05-24 02:49:07,Lark,30,[Tag: birthdaygirl],https://scontent.cdninstagram.com/hphotos-xaf1/t51.2885-15/e15/11288086_844049862353373_1317555482_n.jpg
991664974179624084_30762840,2015-05-24 02:48:18,Normal,2,[Tag: ufc187],https://scontent.cdninstagram.com/hphotos-xaf1/t51.2885-15/e15/11312431_670895339683770_351404285_n.jpg
991664597885185087_4414538,2015-05-24 02:47:33,Toaster,22,[Tag: thejdsquaredwedding],https://scontent.cdninstagram.com/hphotos-xfa1/t51.2885-15/e15/11375861_661006144032587_471913165_n.jpg
990964028772420741_210037786,2015-05-23 03:35:39,Normal,85,"[Tag: hottcakezlv, Tag: bling, Tag: lasvegascakeartist, Tag: customcakes, Tag: hottcakezoflasvegascustomcakes, Tag: laciamckee, Tag: blingcakes, Tag: designercakes, Tag: bowsandbling, Tag: hottcakezoflasvegas, Tag: cakeart, Tag: glam, Tag: chanel, Tag: lasvegasevents, Tag: edibledetails, Tag: ediblewatch, Tag: fondantdetails, Tag: lacemckee, Tag: lasvegascelebrations, Tag: lasvegasbakery, Tag: lasvegascakes, Tag: lasvegascakedesigner]",https://scontent.cdninstagram.com/hphotos-xaf1/t51.2885-15/e15/11363704_626451007491998_115018744_n.jpg
990963601136780311_28096632,2015-05-23 03:34:48,Normal,2,[Tag: nohashtags],https://scontent.cdninstagram.com/hphotos-xfa1/t51.2885-15/e15/11326052_1439827046318869_1934165071_n.jpg
990963540142790481_1692691220,2015-05-23 03:34:41,Ashby,12,"[Tag: relaxing, Tag: sincity, Tag: killingit, Tag: vegas, Tag: hookah, Tag: lloydplatinum, Tag: hookahlife, Tag: lasvegas]",https://scontent.cdninstagram.com/hphotos-xfa1/t51.2885-15/e15/11373869_1457723111187691_465761068_n.jpg
990962395847965373_31859717,2015-05-23 03:32:24,Normal,122,"[Tag: myankleplaying, Tag: danceforme, Tag: myjobplaying, Tag: perriarforme, Tag: gotemmmmmmm, Tag: yaque, Tag: getratchetforme, Tag: twerkforme]",https://scontent.cdninstagram.com/hphotos-xaf1/t51.2885-15/e15/11373820_941097129274661_533748234_n.jpg
990961235020842994_28096632,2015-05-23 03:30:06,Ginza,17,"[Tag: insane, Tag: cardio, Tag: workout, Tag: friends, Tag: santacruz, Tag: health, Tag: fitness, Tag: stairs, Tag: repost]",https://scontent.cdninstagram.com/hphotos-xaf1/t51.2885-15/e15/11330641_824310697651645_1322108653_n.jpg
990960689132170298_505951626,2015-05-23 03:29:01,Normal,139,"[Tag: youcantmakeme, Tag: imnottakingitoff]",https://scontent.cdninstagram.com/hphotos-xaf1/t51.2885-15/e15/11373649_923738774343921_1217388608_n.jpg
990960316996959875_44301838,2015-05-23 03:28:17,Normal,0,[Tag: jointherevolt],https://scontent.cdninstagram.com/hphotos-xfa1/t51.2885-15/e15/11377973_369012849962045_1549969812_n.jpg
990959080567753732_539513090,2015-05-23 03:25:49,Hudson,5,[Tag: sunsetsarefree],https://scontent.cdninstagram.com/hphotos-xaf1/t51.2885-15/e15/11376640_505568139597336_223762473_n.jpg
990957235267204475_1247468356,2015-05-23 03:22:09,Normal,23,[Tag: kingmeapparel],https://scontent.cdninstagram.com/hphotos-xfa1/t51.2885-15/e15/11261597_1583032008634522_1149025500_n.jpg
990955312838098682_188545014,2015-05-23 03:18:20,Normal,23,[Tag: osu],https://scontent.cdninstagram.com/hphotos-xaf1/t51.2885-15/e15/11373750_1572100099704841_1189792121_n.jpg
990954215561279790_867313373,2015-05-23 03:16:09,Aden,54,"[Tag: photogenic, Tag: llama]",https://scontent.cdninstagram.com/hphotos-xfa1/t51.2885-15/e15/11313392_381082452099844_28844279_n.jpg
990953238507153226_42433960,2015-05-23 03:14:13,Normal,263,"[Tag: instavideo, Tag: nomusic, Tag: charlieeputh, Tag: acapella, Tag: wizkhalifa, Tag: friends, Tag: igvideo]",https://scontent.cdninstagram.com/hphotos-xfa1/t51.2885-15/e15/11311370_694347264024112_1558282175_n.jpg
990952385677945083_293352617,2015-05-23 03:12:31,Normal,64,"[Tag: menwithtattoos, Tag: tattoo, Tag: boyswithtattoos, Tag: kevinfurnesstattoo, Tag: seventattoo]",https://scontent.cdninstagram.com/hphotos-xfa1/t51.2885-15/e15/11335865_1399888580339030_214958992_n.jpg
990951737289503234_187788227,2015-05-23 03:11:14,Normal,65,"[Tag: vapelife, Tag: cloudchasing, Tag: lostart, Tag: gripper, Tag: royalhunter, Tag: vape]",https://scontent.cdninstagram.com/hphotos-xaf1/t51.2885-15/e15/11374396_357808287762364_1898052979_n.jpg
990950541476932972_370058498,2015-05-23 03:08:51,Mayfair,24,"[Tag: vegas, Tag: memorialdayweekend, Tag: cloudporn]",https://scontent.cdninstagram.com/hphotos-xaf1/t51.2885-15/e15/11355012_1580426885560435_1041373214_n.jpg
990950166574136247_1916099349,2015-05-23 03:08:07,Normal,5,[Tag: mindsetongoalsüòÇ‚ù§üòÉ],https://scontent.cdninstagram.com/hphotos-xaf1/t51.2885-15/e15/11372332_1608803336045623_590720733_n.jpg
990949035395537696_488474373,2015-05-23 03:05:52,Sierra,33,"[Tag: graduationdinner, Tag: mezzobistro, Tag: twinning, Tag: motherdaughterbond, Tag: italianfood]",https://scontent.cdninstagram.com/hphotos-xfa1/t51.2885-15/e15/11352302_834937966553421_959628279_n.jpg
990948287271163679_1423711300,2015-05-23 03:04:23,Normal,5,"[Tag: patbenatar, Tag: crimesofpassion, Tag: vinyl]",https://scontent.cdninstagram.com/hphotos-xaf1/t51.2885-15/e15/11351590_449980765165475_343633646_n.jpg
990947923826839855_1905261795,2015-05-23 03:03:39,Normal,51,"[Tag: sobadashkids, Tag: fashionkiddies, Tag: hipster, Tag: hipsterkids, Tag: trendytots, Tag: selfie, Tag: kidsfashion]",https://scontent.cdninstagram.com/hphotos-xaf1/t51.2885-15/e15/11274283_1174574789235366_439280274_n.jpg
990946018680180232_851150322,2015-05-23 02:59:52,Normal,51,[Tag: kelleyohara],https://scontent.cdninstagram.com/hphotos-xaf1/t51.2885-15/e15/11324445_1587659994818263_1719550641_n.jpg
990944442227364053_1905261795,2015-05-23 02:56:44,Normal,32,"[Tag: kidstee, Tag: kidsgraphic, Tag: sobadashkids, Tag: ootd, Tag: unicorns, Tag: kidzstyle, Tag: kidsfashion]",https://scontent.cdninstagram.com/hphotos-xaf1/t51.2885-15/e15/11352438_820859291324912_755941638_n.jpg
990944428546653545_416367878,2015-05-23 02:56:42,Normal,22,"[Tag: ugh, Tag: love, Tag: photogrid, Tag: always, Tag: peace, Tag: sicksucks, Tag: shootme, Tag: happiness]",https://scontent.cdninstagram.com/hphotos-xfa1/t51.2885-15/e15/11328500_453330731492888_173541111_n.jpg
990944118343209159_1905261795,2015-05-23 02:56:06,Normal,53,"[Tag: graphictee, Tag: kidzstyle, Tag: kidstee, Tag: donut, Tag: goodvibes, Tag: sobadashkids, Tag: ootd, Tag: kidsfashion]",https://scontent.cdninstagram.com/hphotos-xfa1/t51.2885-15/e15/11377991_869885253090266_496199137_n.jpg
990943227373774299_22068160,2015-05-23 02:54:19,Valencia,21,[Tag: wilsonwedding],https://scontent.cdninstagram.com/hphotos-xaf1/t51.2885-15/e15/11363842_1476119812679816_78284089_n.jpg
990943028561963437_355136401,2015-05-23 02:53:56,Normal,44,"[Tag: restaurantrotation, Tag: lcblasvegas, Tag: aspiringchef, Tag: block11, Tag: lcblv, Tag: technique, Tag: culinaryarts, Tag: lecordonbleu, Tag: server, Tag: foh, Tag: servicewithasmile]",https://scontent.cdninstagram.com/hphotos-xaf1/t51.2885-15/e15/11330808_1634029906811731_741551350_n.jpg
990941869770044429_1247468356,2015-05-23 02:51:37,Normal,22,"[Tag: kingmeapparel, Tag: thykingdomcome]",https://scontent.cdninstagram.com/hphotos-xaf1/t51.2885-15/e15/11349234_114541402211233_1849601538_n.jpg
990941342211318051_980854167,2015-05-23 02:50:35,Inkwell,15,[Tag: nickwhitejr],https://scontent.cdninstagram.com/hphotos-xfa1/t51.2885-15/e15/11335760_1605477209708851_1230406518_n.jpg
990941154529545278_197365802,2015-05-23 02:50:12,Normal,57,[Tag: holdat],https://scontent.cdninstagram.com/hphotos-xaf1/t51.2885-15/e15/11373955_893064537421995_450110_n.jpg
990939897339365740_1297992865,2015-05-23 02:47:42,Normal,5,[Tag: mma],https://scontent.cdninstagram.com/hphotos-xaf1/t51.2885-15/e15/11312088_1013421722009028_134480336_n.jpg
990939219187795662_13343136,2015-05-23 02:46:22,Lo-fi,7,"[Tag: eyeofthetiger, Tag: thickthighssavelives, Tag: fridaythighday, Tag: focus]",https://scontent.cdninstagram.com/hphotos-xaf1/t51.2885-15/e15/11378025_108661856134792_493189534_n.jpg
990937288690461505_1645946369,2015-05-23 02:42:31,Lark,5,"[Tag: yummyinmytummy, Tag: blackberrycobbler, Tag: cobbler, Tag: blackbeardiner]",https://scontent.cdninstagram.com/hphotos-xaf1/t51.2885-15/e15/11357491_1436151126687291_1246353661_n.jpg
990936961047012925_231205200,2015-05-23 02:41:52,Normal,32,"[Tag: babyjames, Tag: boyorgirl]",https://scontent.cdninstagram.com/hphotos-xaf1/t51.2885-15/e15/11269870_1446680908978998_899788790_n.jpg
990936363518147396_504385269,2015-05-23 02:40:41,X-Pro II,7,"[Tag: atlas, Tag: whitegermanshepard]",https://scontent.cdninstagram.com/hphotos-xfa1/t51.2885-15/e15/11356862_1024515280905856_677267195_n.jpg
990935843359017585_1284341905,2015-05-23 02:39:39,Normal,15,"[Tag: memorialweekend, Tag: vegas]",https://scontent.cdninstagram.com/hphotos-xaf1/t51.2885-15/e15/11377993_752644348189159_2123058327_n.jpg
990934898559251990_30392652,2015-05-23 02:37:46,Lo-fi,12,"[Tag: reset, Tag: tron, Tag: removeoneself, Tag: recede, Tag: artoftheselfless, Tag: tronlogic, Tag: selfless, Tag: notaboutme, Tag: trying]",https://scontent.cdninstagram.com/hphotos-xaf1/t51.2885-15/e15/11250064_882365241833260_445811050_n.jpg
990934328577162964_1947301342,2015-05-23 02:36:39,Normal,19,"[Tag: poker, Tag: sportsbets, Tag: wynn, Tag: bookie, Tag: money, Tag: mgm, Tag: entrepreneur, Tag: vegas, Tag: baseball, Tag: blackjack, Tag: handicapping, Tag: parlay, Tag: bookiekiller, Tag: sportsbetting, Tag: nevada, Tag: tmt, Tag: bovada, Tag: handicapper, Tag: sportsbook, Tag: porsche, Tag: omnia, Tag: winning, Tag: gucci, Tag: themoneyteam, Tag: ferrari, Tag: bellagio, Tag: whitesox]",https://scontent.cdninstagram.com/hphotos-xfa1/t51.2885-15/e15/11326802_103033090034030_213733689_n.jpg
990934243507190546_504385269,2015-05-23 02:36:28,Normal,8,"[Tag: trannyproblems, Tag: dead]",https://scontent.cdninstagram.com/hphotos-xaf1/t51.2885-15/e15/11327104_791327807641997_504156415_n.jpg
990933497342071747_1905261795,2015-05-23 02:34:59,Normal,32,"[Tag: kidsgraphic, Tag: trendytots, Tag: kidzstyle, Tag: whatever, Tag: hipster, Tag: kidsfashion, Tag: ootd, Tag: geometric, Tag: sobadashkids]",https://scontent.cdninstagram.com/hphotos-xfa1/t51.2885-15/e15/11373638_761030430683038_453058844_n.jpg
990933478517458186_14236232,2015-05-23 02:34:57,Slumber,36,[Tag: vegas],https://scontent.cdninstagram.com/hphotos-xaf1/t51.2885-15/e15/11327868_1636738773207903_241657267_n.jpg
990933278265336456_182871943,2015-05-23 02:34:33,Normal,21,[Tag: macarons],https://scontent.cdninstagram.com/hphotos-xaf1/t51.2885-15/e15/11296900_382458785283402_427556056_n.jpg
990933102112805816_1905261795,2015-05-23 02:34:12,Normal,27,"[Tag: brandrepsearch, Tag: kidsfashion, Tag: kidzstyle, Tag: kidsgraphic, Tag: sobadashkids, Tag: girlsbiteback]",https://scontent.cdninstagram.com/hphotos-xfa1/t51.2885-15/e15/11352122_1683817818519885_2047768155_n.jpg
990932801306814379_196257872,2015-05-23 02:33:36,Normal,53,"[Tag: cute, Tag: salon, Tag: instylenails, Tag: nailsideal, Tag: love, Tag: tag4fun, Tag: 3dnailart, Tag: nailjunkie, Tag: bestnails, Tag: nailswag, Tag: photos, Tag: vegasnails, Tag: nailartaddict, Tag: cutenails, Tag: girl, Tag: pedi, Tag: nailporn, Tag: glimpse, Tag: like, Tag: glitter, Tag: nailpro, Tag: nailart, Tag: amazing, Tag: webtagram, Tag: nailsdesign, Tag: coolnaildesign, Tag: insights, Tag: nailsofinstagram, Tag: inspired, Tag: happy]",https://scontent.cdninstagram.com/hphotos-xaf1/t51.2885-15/e15/11373829_479578068877130_1944931611_n.jpg
990932359854625936_1692691220,2015-05-23 02:32:44,Normal,15,"[Tag: followfriday, Tag: vegas, Tag: foodporn, Tag: food, Tag: lasvegas, Tag: cooking, Tag: killingit]",https://scontent.cdninstagram.com/hphotos-xaf1/t51.2885-15/e15/11328330_1398600387134632_1230095336_n.jpg
990238429605931404_1905686673,2015-05-22 03:34:01,Normal,10,"[Tag: tshirt, Tag: vegas, Tag: design, Tag: pirates, Tag: customcity, Tag: custommade]",https://scontent.cdninstagram.com/hphotos-xaf1/t51.2885-15/e15/11357422_1450205201941883_1974404271_n.jpg
990238426370567422_556149250,2015-05-22 03:34:01,Ludwig,18,"[Tag: scary, Tag: movie, Tag: 70bucks, Tag: wtf, Tag: popcorn, Tag: poltergeist, Tag: ghosts, Tag: drinks]",https://scontent.cdninstagram.com/hphotos-xaf1/t51.2885-15/e15/11311071_707598589352559_776724201_n.jpg
990237707803153725_450224980,2015-05-22 03:32:35,Normal,16,"[Tag: gross, Tag: randomguys, Tag: sluts, Tag: bitches, Tag: hoesfordays, Tag: ratchet, Tag: pee, Tag: hititraw]",https://scontent.cdninstagram.com/hphotos-xaf1/t51.2885-15/e15/11296810_444259619068614_405150013_n.jpg
990237113930567249_364313922,2015-05-22 03:31:24,Normal,17,[Tag: makinghermaguire],https://scontent.cdninstagram.com/hphotos-xfa1/t51.2885-15/e15/11325434_1395136384148840_1945368_n.jpg
990236575540602653_2343224,2015-05-22 03:30:20,Normal,11,[Tag: thegrunch],https://scontent.cdninstagram.com/hphotos-xaf1/t51.2885-15/e15/11280436_1396356117359492_2075882834_n.jpg
990236109963883591_30392652,2015-05-22 03:29:24,Normal,46,"[Tag: turnback, Tag: hardfest, Tag: obey, Tag: turnup, Tag: tbt, Tag: beforedeadmau5fuxkedme, Tag: harddotd, Tag: killinit, Tag: harddayofthedead, Tag: dayofthedead, Tag: harddotd2013, Tag: pupils, Tag: turndown, Tag: snapbacks, Tag: turntup, Tag: turnt, Tag: lmao]",https://scontent.cdninstagram.com/hphotos-xfa1/t51.2885-15/e15/11255174_917261798314852_246555048_n.jpg
990235045171060327_1387226046,2015-05-22 03:27:17,Normal,39,"[Tag: vegasmua, Tag: organic, Tag: createbeautifulfaces, Tag: chemicalfree, Tag: chappedlips, Tag: lips, Tag: lasvegas, Tag: local]",https://scontent.cdninstagram.com/hphotos-xfa1/t51.2885-15/e15/11325308_764897393622957_926978543_n.jpg
990234899354117876_2343224,2015-05-22 03:27:00,Normal,18,[Tag: thegrunch],https://scontent.cdninstagram.com/hphotos-xaf1/t51.2885-15/e15/11252469_924392110958168_700763894_n.jpg
990234030485678402_1905686673,2015-05-22 03:25:16,Juno,9,"[Tag: tshirt, Tag: vegas, Tag: family, Tag: customcity]",https://scontent.cdninstagram.com/hphotos-xaf1/t51.2885-15/e15/11282845_953652701352317_1526881503_n.jpg
990232709414393185_183046924,2015-05-22 03:22:39,Normal,141,[Tag: tbt],https://scontent.cdninstagram.com/hphotos-xaf1/t51.2885-15/e15/11255899_1448954352067981_1938310621_n.jpg
990231678421131014_20652134,2015-05-22 03:20:36,Normal,13,"[Tag: romance, Tag: life, Tag: music, Tag: franksinatra]",https://scontent.cdninstagram.com/hphotos-xaf1/t51.2885-15/e15/11357707_1423671354621314_248316547_n.jpg
990230812282344469_454218860,2015-05-22 03:18:53,Normal,24,"[Tag: vegaslife, Tag: ladies, Tag: itworksjourney, Tag: motivated, Tag: business, Tag: people, Tag: sincity, Tag: singleparents, Tag: workfromhome, Tag: startnow, Tag: moremoney, Tag: fellas, Tag: willtrain, Tag: quality, Tag: networkmarketing, Tag: relationships, Tag: beyourownboss, Tag: hardworkers, Tag: getoutofdebt, Tag: cash, Tag: gentlemen, Tag: fun, Tag: riskfree, Tag: followme, Tag: hustle]",https://scontent.cdninstagram.com/hphotos-xaf1/t51.2885-15/e15/11353011_1612709085608991_1903819798_n.jpg
990230387945763628_1776579987,2015-05-22 03:18:02,Normal,47,"[Tag: gross, Tag: diabetes]",https://scontent.cdninstagram.com/hphotos-xaf1/t51.2885-15/e15/11327244_388731928004597_36253799_n.jpg
990229747515325057_176312877,2015-05-22 03:16:46,Gingham,69,"[Tag: relationships, Tag: faith, Tag: motivation, Tag: bible, Tag: christian, Tag: inspire, Tag: spirtual, Tag: god, Tag: blessed, Tag: jesus, Tag: quotes, Tag: positive, Tag: success, Tag: inspiration]",https://scontent.cdninstagram.com/hphotos-xaf1/t51.2885-15/e15/11280408_469481003209064_926243235_n.jpg
990229699532139574_264632538,2015-05-22 03:16:40,Lo-fi,6,"[Tag: rednoseday, Tag: rednose]",https://scontent.cdninstagram.com/hphotos-xfa1/t51.2885-15/e15/11351018_1650582388495082_442255205_n.jpg
990227664025881314_180940449,2015-05-22 03:12:38,Normal,24,"[Tag: heleciachoyce, Tag: vegasclubs, Tag: food, Tag: vegaspromoter, Tag: geolinear, Tag: hiphop, Tag: vegas, Tag: memorialweekend, Tag: la, Tag: miami, Tag: heleciachoyceandassociates, Tag: atl, Tag: memorialdaylv, Tag: lv, Tag: music, Tag: hustlegurlent, Tag: djdrama, Tag: memorialday]",https://scontent.cdninstagram.com/hphotos-xfa1/t51.2885-15/e15/11251793_962505383790118_961216386_n.jpg
990226881645523264_1465985395,2015-05-22 03:11:04,Crema,47,"[Tag: summer2013, Tag: takemeback, Tag: tourofhell, Tag: hotsprings, Tag: tbt, Tag: nagasaki, Tag: traveling, Tag: japan]",https://scontent.cdninstagram.com/hphotos-xaf1/t51.2885-15/e15/11349429_1629637717249098_302049516_n.jpg
990225977127002335_1686885311,2015-05-22 03:09:16,Normal,6,"[Tag: vegaslife, Tag: wetrepublic, Tag: hakkasanlv, Tag: vegasclubs, Tag: vegaspromoter, Tag: mgmgrand, Tag: calvinharris, Tag: vegas2015, Tag: omnianightclub, Tag: bachelor, Tag: vegasbaby, Tag: vegasnightlife, Tag: hakkasan, Tag: sorority, Tag: hakkasanlasvegas, Tag: xs, Tag: vegasbound, Tag: bachelorparty, Tag: vegasvacay, Tag: bachelorette, Tag: vegasready, Tag: omnia, Tag: vegasvacation, Tag: lasvegasstrip, Tag: bacheloretteparty, Tag: vegas, Tag: hakkasannightclub, Tag: lasvegas, Tag: vegasnights, Tag: vegashost]",https://scontent.cdninstagram.com/hphotos-xaf1/t51.2885-15/e15/11337210_1644472139122268_1433811138_n.jpg
990225491841959507_589594528,2015-05-22 03:08:19,Mayfair,11,"[Tag: instafood, Tag: seasianfoodie, Tag: nomnom, Tag: sushi, Tag: thesushivegas, Tag: nigiri, Tag: vegasfoodie]",https://scontent.cdninstagram.com/hphotos-xfa1/t51.2885-15/e15/11330579_106298229705252_1128490596_n.jpg
990224584612537290_237588095,2015-05-22 03:06:30,Normal,141,"[Tag: playboy, Tag: instalike, Tag: blondiestyle, Tag: lifeisgood, Tag: prettypinkacres, Tag: vegas, Tag: badcompany, Tag: rickspringfield, Tag: strikeapose, Tag: sexy, Tag: blonde, Tag: bombshell, Tag: joint, Tag: pearls, Tag: blondeshavemorefun, Tag: instagood, Tag: funtimes, Tag: renecavallia, Tag: hendonrocks, Tag: lasvegas, Tag: hardrock, Tag: romper, Tag: wine]",https://scontent.cdninstagram.com/hphotos-xaf1/t51.2885-15/e15/11324877_114594828872607_1297088852_n.jpg
990224582026925131_1692691220,2015-05-22 03:06:30,Normal,20,"[Tag: payforyourporn, Tag: producer, Tag: sincity, Tag: photographer, Tag: tbt, Tag: killingit, Tag: bigboss, Tag: vegas, Tag: lloydplatinum, Tag: sexy, Tag: lasvegas, Tag: hotchicks, Tag: hustler, Tag: chickswithass]",https://scontent.cdninstagram.com/hphotos-xaf1/t51.2885-15/e15/11358268_715449741899185_281543558_n.jpg
990223636692387140_2078909016,2015-05-22 03:04:37,Normal,0,"[Tag: nowplaying, Tag: iheartradio]",https://scontent.cdninstagram.com/hphotos-xfa1/t51.2885-15/e15/11265968_477889112367544_781748065_n.jpg
990223413991621950_2078909016,2015-05-22 03:04:11,Normal,0,"[Tag: nowplaying, Tag: iheartradio]",https://scontent.cdninstagram.com/hphotos-xaf1/t51.2885-15/e15/11312496_1636087109961310_1814090708_n.jpg
990223021284244905_1727411006,2015-05-22 03:03:24,Normal,37,"[Tag: homecookedmeal, Tag: healthyeats, Tag: calorieburn, Tag: slimmingworld, Tag: gym, Tag: chickswholift, Tag: gainz, Tag: healthymeals, Tag: cleaneating, Tag: cutting, Tag: goals, Tag: follow, Tag: weightloss, Tag: workouts, Tag: healthynoms, Tag: squat, Tag: shoutout, Tag: metabolism, Tag: lift, Tag: foodporn, Tag: lean, Tag: followme, Tag: shredding, Tag: health, Tag: fitness, Tag: cleanliving, Tag: picoftheday, Tag: nutrition, Tag: sw]",https://scontent.cdninstagram.com/hphotos-xaf1/t51.2885-15/e15/11325412_840772139345004_1691389476_n.jpg
990222376561218586_1692691220,2015-05-22 03:02:07,Normal,16,"[Tag: producer, Tag: sincity, Tag: photographer, Tag: bigboss, Tag: vegas, Tag: lloydplatinum, Tag: greatass, Tag: lasvegas, Tag: hotchicks]",https://scontent.cdninstagram.com/hphotos-xfa1/t51.2885-15/e15/11349302_483179531839036_1254058260_n.jpg
990222339343828255_2078909016,2015-05-22 03:02:03,Normal,0,"[Tag: nowplaying, Tag: iheartradio]",https://scontent.cdninstagram.com/hphotos-xaf1/t51.2885-15/e15/11242738_870682719660331_1224347893_n.jpg
990221980051358997_2078909016,2015-05-22 03:01:20,Normal,0,"[Tag: nowplaying, Tag: iheartradio]",https://scontent.cdninstagram.com/hphotos-xaf1/t51.2885-15/e15/11325022_1390975917899293_649839647_n.jpg
990221428517846210_214409686,2015-05-22 03:00:14,Normal,12,[Tag: captainamerica],https://scontent.cdninstagram.com/hphotos-xfa1/t51.2885-15/e15/11261123_1443400779309069_1629019843_n.jpg
990220434859482310_20767166,2015-05-22 02:58:16,Normal,8,[Tag: meadowsannieproduction],https://scontent.cdninstagram.com/hphotos-xaf1/t51.2885-15/e15/11349279_100740460265191_172952127_n.jpg
990219391420059135_190129850,2015-05-22 02:56:11,Normal,335,"[Tag: vossen, Tag: fsport, Tag: lexus, Tag: teamvossen]",https://scontent.cdninstagram.com/hphotos-xaf1/t51.2885-15/e15/11352016_977872445565427_2065527205_n.jpg
990218856168079936_178434783,2015-05-22 02:55:08,Valencia,32,"[Tag: quiendijomiedo, Tag: grillingtime, Tag: noreplica, Tag: brq]",https://scontent.cdninstagram.com/hphotos-xaf1/t51.2885-15/e15/11335524_919500604774305_1254586014_n.jpg
990217983163133603_375992330,2015-05-22 02:53:23,Earlybird,30,"[Tag: thesweatlife, Tag: sincity, Tag: instalike, Tag: tennis, Tag: instagood, Tag: vegas, Tag: sunset, Tag: igers, Tag: instadaily, Tag: desertlife]",https://scontent.cdninstagram.com/hphotos-xaf1/t51.2885-15/e15/11326845_351601785036344_1227053143_n.jpg
990217577530771254_1606651136,2015-05-22 02:52:35,Aden,12,[Tag: tbt],https://scontent.cdninstagram.com/hphotos-xaf1/t51.2885-15/e15/11311326_938647962852194_1787063894_n.jpg
990217130232527119_504385269,2015-05-22 02:51:42,Normal,19,"[Tag: whitegermanshepard, Tag: germanshepard, Tag: spoiled, Tag: atlas, Tag: furbaby, Tag: 5months]",https://scontent.cdninstagram.com/hphotos-xaf1/t51.2885-15/e15/11311251_962409560457463_2122731811_n.jpg
990215519159980817_1905261795,2015-05-22 02:48:30,Normal,60,"[Tag: kidstee, Tag: emojishirt, Tag: kidsfashion, Tag: trendytots, Tag: kidzstyle, Tag: sobadashkids]",https://scontent.cdninstagram.com/hphotos-xaf1/t51.2885-15/e15/11280357_710738662386785_1853329026_n.jpg
990214880090657539_1905261795,2015-05-22 02:47:14,Normal,58,"[Tag: graphictee, Tag: trendytots, Tag: ootd, Tag: sobadashkids, Tag: girlsfashion]",https://scontent.cdninstagram.com/hphotos-xaf1/t51.2885-15/e15/11353447_825091924251029_141406326_n.jpg
990214501645502639_271870337,2015-05-22 02:46:28,Aden,175,"[Tag: showtime, Tag: 1lady]",https://scontent.cdninstagram.com/hphotos-xfa1/t51.2885-15/e15/11326475_338637229660497_14679634_n.jpg
990213478674130125_187417872,2015-05-22 02:44:27,Juno,77,[Tag: tbt],https://scontent.cdninstagram.com/hphotos-xaf1/t51.2885-15/e15/11335153_887868291279875_618183154_n.jpg
990213083031200675_1686885311,2015-05-22 02:43:39,Normal,4,"[Tag: vegaslife, Tag: wetrepublic, Tag: hakkasanlv, Tag: vegasclubs, Tag: vegaspromoter, Tag: mgmgrand, Tag: calvinharris, Tag: vegas2015, Tag: omnianightclub, Tag: bachelor, Tag: vegasbaby, Tag: vegasnightlife, Tag: hakkasan, Tag: sorority, Tag: hakkasanlasvegas, Tag: xs, Tag: vegasbound, Tag: bachelorparty, Tag: vegasvacay, Tag: bachelorette, Tag: vegasready, Tag: omnia, Tag: vegasvacation, Tag: lasvegasstrip, Tag: bacheloretteparty, Tag: vegas, Tag: hakkasannightclub, Tag: lasvegas, Tag: vegasnights, Tag: vegashost]",https://scontent.cdninstagram.com/hphotos-xaf1/t51.2885-15/e15/11350951_1628439890707615_1526525353_n.jpg
990211595849042988_185110898,2015-05-22 02:40:42,X-Pro II,20,[Tag: dramakids],https://scontent.cdninstagram.com/hphotos-xaf1/t51.2885-15/e15/11312406_445826402261094_911411904_n.jpg
990211047914779386_1429092091,2015-05-22 02:39:37,Mayfair,14,"[Tag: boy, Tag: 6thgrade, Tag: music, Tag: band, Tag: trumpet, Tag: son]",https://scontent.cdninstagram.com/hphotos-xaf1/t51.2885-15/e15/11264572_891969077534222_895538998_n.jpg
990210775560219806_215625506,2015-05-22 02:39:04,Mayfair,9,"[Tag: spicycoldnoodles, Tag: korean, Tag: bibimnuangmung, Tag: homemade]",https://scontent.cdninstagram.com/hphotos-xaf1/t51.2885-15/e15/11334636_885346598227105_468544062_n.jpg
990209875734446460_248823855,2015-05-22 02:37:17,Normal,35,"[Tag: throwback, Tag: defleppard, Tag: mullet, Tag: tbt, Tag: metalkid]",https://scontent.cdninstagram.com/hphotos-xaf1/t51.2885-15/e15/11265837_1086730811343988_1587847303_n.jpg
990209243837842195_1551754303,2015-05-22 02:36:02,Normal,116,"[Tag: bonniebennet, Tag: candiceaccola, Tag: beremy, Tag: stefansalvatore, Tag: otp, Tag: tvd, Tag: delena, Tag: ninadobrev, Tag: damonsalvatore, Tag: dobsley, Tag: elenagilbert, Tag: carolineforbes, Tag: spam4spam, Tag: paulwesley, Tag: steroline, Tag: katherinepierce, Tag: forwood, Tag: iansomerhalder, Tag: nian, Tag: thevampirediaries, Tag: katgraham, Tag: stelena, Tag: klaroline, Tag: carenzo, Tag: bamon, Tag: l4l]",https://scontent.cdninstagram.com/hphotos-xfa1/t51.2885-15/e15/11333399_1639744519591479_1070389809_n.jpg
990209075165059381_508486333,2015-05-22 02:35:42,Sutro,62,"[Tag: lvmpd, Tag: nypd, Tag: thinblueline]",https://scontent.cdninstagram.com/hphotos-xaf1/t51.2885-15/e15/11350770_977552682277349_878764395_n.jpg
990208935166683819_314025457,2015-05-22 02:35:25,Ludwig,6,"[Tag: cheddarbiscuits, Tag: cantsaveeverybody]",https://scontent.cdninstagram.com/hphotos-xaf1/t51.2885-15/e15/11326858_114705982193900_1613140162_n.jpg
990207819516529719_1236586,2015-05-22 02:33:12,Mayfair,12,"[Tag: summerlin, Tag: meditate, Tag: yoga, Tag: bepresent, Tag: vinyasa, Tag: lasvegas, Tag: yogaclasses]",https://scontent.cdninstagram.com/hphotos-xaf1/t51.2885-15/e15/11326663_396093577241290_1323096710_n.jpg
990206078320669122_193833867,2015-05-22 02:29:44,Lark,7,"[Tag: blessed, Tag: moviesaremylife, Tag: pitchperfect, Tag: tbt, Tag: lifeisbeautiful, Tag: politicallyincorrect, Tag: loud, Tag: laughinguncontrollably]",https://scontent.cdninstagram.com/hphotos-xfa1/t51.2885-15/e15/11351648_464748623700606_1453295903_n.jpg
990205802260506694_8344393,2015-05-22 02:29:11,Ludwig,150,"[Tag: memorialdayweekend, Tag: exactly3yearsago, Tag: letsgooo, Tag: tbt, Tag: alwaysinvegasformybirthday, Tag: gemini, Tag: minusthesquid, Tag: round2tomorrow, Tag: goldenbirthday, Tag: thankyousyd, Tag: 24onthe24th]",https://scontent.cdninstagram.com/hphotos-xaf1/t51.2885-15/e15/11311245_1437545153214970_1899210517_n.jpg
989514265499458920_262654534,2015-05-21 03:35:14,Normal,23,"[Tag: familiar, Tag: corona]",https://scontent.cdninstagram.com/hphotos-xfa1/t51.2885-15/e15/11330513_1449375068695342_1311627072_n.jpg
989513588962958308_33110965,2015-05-21 03:33:53,Normal,7,"[Tag: lasvegas, Tag: goodbye]",https://scontent.cdninstagram.com/hphotos-xaf1/t51.2885-15/e15/11272884_850035761750503_1693683174_n.jpg
989512405835484049_1773347721,2015-05-21 03:31:32,Nashville,8,"[Tag: winetime, Tag: moscato]",https://scontent.cdninstagram.com/hphotos-xaf1/t51.2885-15/e15/11263596_1445064069140558_471886575_n.jpg
989512275377018219_454218860,2015-05-21 03:31:17,Normal,23,"[Tag: affordable, Tag: ladies, Tag: gettighten, Tag: workout, Tag: doeswork, Tag: gethealthy, Tag: fitbody, Tag: nogym, Tag: hsn, Tag: newyou, Tag: getfirm, Tag: gettoned, Tag: fatfighters, Tag: bodymakeover, Tag: fellas, Tag: defininggel, Tag: networkmarketing, Tag: stretchmarkcream, Tag: startswithone, Tag: vitamins, Tag: crazywrapthing, Tag: realresults, Tag: followme, Tag: getfit, Tag: skinnywraps, Tag: 90challenge]",https://scontent.cdninstagram.com/hphotos-xfa1/t51.2885-15/e15/11280257_515473138599788_1651214070_n.jpg
989512214548102179_729850814,2015-05-21 03:31:09,Juno,12,"[Tag: littlebrother, Tag: baseball, Tag: goastros, Tag: puppylove]",https://scontent.cdninstagram.com/hphotos-xfa1/t51.2885-15/e15/11326952_874944225892501_1297154253_n.jpg
989511896628907588_583011458,2015-05-21 03:30:31,Ludwig,7,"[Tag: moretocome, Tag: staytuned, Tag: rsbbqüê∑]",https://scontent.cdninstagram.com/hphotos-xaf1/t51.2885-15/e15/11324350_1662131124021017_933496733_n.jpg
989510636207709070_52587149,2015-05-21 03:28:01,Normal,143,[Tag: ifeelprettyfinally],https://scontent.cdninstagram.com/hphotos-xfa1/t51.2885-15/e15/11351657_1457893361170184_2045218517_n.jpg
989508749248935376_994247028,2015-05-21 03:24:16,Normal,59,"[Tag: alavergs, Tag: stairsworkout, Tag: changingitup]",https://scontent.cdninstagram.com/hphotos-xaf1/t51.2885-15/e15/11272992_469170646589744_1970470770_n.jpg
989507885231146494_216572464,2015-05-21 03:22:33,Normal,51,"[Tag: comingsoon, Tag: mr64, Tag: vevo, Tag: armedanddangerous]",https://scontent.cdninstagram.com/hphotos-xaf1/t51.2885-15/e15/11282872_366306996898724_1580881028_n.jpg
989507194754228592_1686885311,2015-05-21 03:21:11,Normal,12,"[Tag: vegaslife, Tag: wetrepublic, Tag: hakkasanlv, Tag: vegasclubs, Tag: vegaspromoter, Tag: mgmgrand, Tag: calvinharris, Tag: vegas2015, Tag: omnianightclub, Tag: bachelor, Tag: vegasbaby, Tag: vegasnightlife, Tag: hakkasan, Tag: sorority, Tag: hakkasanlasvegas, Tag: xs, Tag: vegasbound, Tag: bachelorparty, Tag: vegasvacay, Tag: bachelorette, Tag: vegasready, Tag: omnia, Tag: vegasvacation, Tag: lasvegasstrip, Tag: bacheloretteparty, Tag: vegas, Tag: hakkasannightclub, Tag: lasvegas, Tag: vegasnights, Tag: vegashost]",https://scontent.cdninstagram.com/hphotos-xaf1/t51.2885-15/e15/11282596_1445885015725843_476989678_n.jpg
989507106560236154_20479053,2015-05-21 03:21:00,Normal,44,[Tag: yogurtland],https://scontent.cdninstagram.com/hphotos-xaf1/t51.2885-15/e15/11261215_1445965132383692_2143349429_n.jpg
989505716442023178_12749016,2015-05-21 03:18:15,Normal,25,[Tag: heregoesnothing],https://scontent.cdninstagram.com/hphotos-xfa1/t51.2885-15/e15/11273006_1571880986407846_1054265587_n.jpg
989505388738252266_290136282,2015-05-21 03:17:36,Normal,5,[Tag: ripmayaangelou],https://scontent.cdninstagram.com/hphotos-xaf1/t51.2885-15/e15/11313471_905588406165870_671461811_n.jpg
989504520133166615_284602960,2015-05-21 03:15:52,Normal,77,[Tag: hybrid],https://scontent.cdninstagram.com/hphotos-xaf1/t51.2885-15/e15/11281974_376940562501499_1234974280_n.jpg
989504159475415260_1753059973,2015-05-21 03:15:09,Normal,5,"[Tag: freemarket, Tag: texas]",https://scontent.cdninstagram.com/hphotos-xfa1/t51.2885-15/e15/11275388_926745730718991_380651471_n.jpg
989504108358852484_21100310,2015-05-21 03:15:03,Normal,103,"[Tag: atlüç∏, Tag: suitelounge]",https://scontent.cdninstagram.com/hphotos-xaf1/t51.2885-15/e15/11242009_861680347235459_1816468831_n.jpg
989502203577931377_249918748,2015-05-21 03:11:16,Normal,96,[Tag: warready],https://scontent.cdninstagram.com/hphotos-xfa1/t51.2885-15/e15/11337233_1636217136612173_849112666_n.jpg
989499986818526958_253811178,2015-05-21 03:06:52,Normal,12,"[Tag: williamcontrol, Tag: wilfrancis, Tag: wcw]",https://scontent.cdninstagram.com/hphotos-xaf1/t51.2885-15/e15/11325252_1414460992210517_1617014578_n.jpg
989497935738242186_316237624,2015-05-21 03:02:47,Normal,19,[Tag: sincity],https://scontent.cdninstagram.com/hphotos-xfa1/t51.2885-15/e15/11282582_816337615124903_831228792_n.jpg
989497898297762965_35865552,2015-05-21 03:02:43,Normal,12,"[Tag: fearless, Tag: thisplaceissuchfun, Tag: slowmotion]",https://scontent.cdninstagram.com/hphotos-xaf1/t51.2885-15/e15/11269599_1738443183049426_541701668_n.jpg
989497738398644308_1753059973,2015-05-21 03:02:24,Normal,1,[Tag: confederate],https://scontent.cdninstagram.com/hphotos-xaf1/t51.2885-15/e15/11264263_827741107280945_1763895697_n.jpg
989494955887526930_454253552,2015-05-21 02:56:52,Normal,10,"[Tag: phreshlungz, Tag: blackberrykush, Tag: chronic_illness420, Tag: younggloblin, Tag: globgang, Tag: stoopkids, Tag: ndsqd]",https://scontent.cdninstagram.com/hphotos-xaf1/t51.2885-15/e15/11352309_442350059277135_688636617_n.jpg
989493321925812676_30830151,2015-05-21 02:53:37,Reyes,8,"[Tag: stillnotasgoodastakingbacksunday, Tag: gymjam]",https://scontent.cdninstagram.com/hphotos-xfa1/t51.2885-15/e15/11257907_893084920747837_1490568697_n.jpg
989493058451970919_1982084005,2015-05-21 02:53:06,Normal,17,"[Tag: fun, Tag: tips, Tag: jobs, Tag: realestate, Tag: jobs4u]",https://scontent.cdninstagram.com/hphotos-xfa1/t51.2885-15/e15/11324420_1441134822870397_11333282_n.jpg
989492174083334361_1070744359,2015-05-21 02:51:20,Normal,72,"[Tag: pencil, Tag: sketch, Tag: art, Tag: art_work, Tag: chicano, Tag: draw, Tag: illustration, Tag: smilenowcrylater, Tag: design, Tag: artedegustavo, Tag: ogabel, Tag: antoniomacko, Tag: artist, Tag: chicanoart, Tag: insta_art, Tag: hispanic, Tag: myartistcommunity, Tag: theartcommunity, Tag: drawing]",https://scontent.cdninstagram.com/hphotos-xaf1/t51.2885-15/e15/11324275_1610286792579534_1003979447_n.jpg
989491083788794459_290487413,2015-05-21 02:49:10,Sierra,15,"[Tag: ssbbw, Tag: imfeelingmyself, Tag: bbwvixen, Tag: bbw, Tag: blondebombshell, Tag: chubbygirlswag]",https://scontent.cdninstagram.com/hphotos-xaf1/t51.2885-15/e15/11311486_1578087539117024_1831721831_n.jpg
989490988357946151_321510417,2015-05-21 02:48:59,Mayfair,25,"[Tag: wordsofwisdom, Tag: vlsjewelz‚ú®üíñ, Tag: nightvibes, Tag: love, Tag: truth, Tag: trust]",https://scontent.cdninstagram.com/hphotos-xaf1/t51.2885-15/e15/11249962_1581063632160778_1262732867_n.jpg
989490928434070635_372709656,2015-05-21 02:48:52,Normal,296,[Tag: b],https://scontent.cdninstagram.com/hphotos-xaf1/t51.2885-15/e15/11324905_910861872313439_1159006884_n.jpg
989490467383348966_851150322,2015-05-21 02:47:57,Normal,48,"[Tag: abbywambach, Tag: uswnt]",https://scontent.cdninstagram.com/hphotos-xaf1/t51.2885-15/e15/11355841_1099820080083449_1157997359_n.jpg
989490052038189082_1686885311,2015-05-21 02:47:07,Lark,13,"[Tag: vegaslife, Tag: wetrepublic, Tag: hakkasanlv, Tag: vegasclubs, Tag: vegaspromoter, Tag: mgmgrand, Tag: hakkasan, Tag: vegas2015, Tag: omnianightclub, Tag: bachelor, Tag: vegasbaby, Tag: vegasnightlife, Tag: sorority, Tag: hakkasanlasvegas, Tag: xs, Tag: vegasbound, Tag: bachelorparty, Tag: vegasvacay, Tag: afrojack, Tag: bachelorette, Tag: vegasready, Tag: omnia, Tag: vegasvacation, Tag: lasvegasstrip, Tag: bacheloretteparty, Tag: vegas, Tag: hakkasannightclub, Tag: lasvegas, Tag: vegasnights, Tag: vegashost]",https://scontent.cdninstagram.com/hphotos-xaf1/t51.2885-15/e15/11313309_672690469530876_1769839715_n.jpg
989489650134838668_477083482,2015-05-21 02:46:19,X-Pro II,2,"[Tag: happy, Tag: 5, Tag: justsaying]",https://scontent.cdninstagram.com/hphotos-xfa1/t51.2885-15/e15/11246615_630954917039161_911347104_n.jpg
989488825509578655_454253552,2015-05-21 02:44:41,Normal,22,"[Tag: kronic, Tag: phreshlungz, Tag: blackberrykush, Tag: chronic_illness420, Tag: stoopkids, Tag: ndsqd, Tag: topshelflife, Tag: allismokeisgas, Tag: lvdankdelivery, Tag: animalcookies]",https://scontent.cdninstagram.com/hphotos-xaf1/t51.2885-15/e15/11312349_378819708979947_305308592_n.jpg
989488221008567248_1900807437,2015-05-21 02:43:29,Normal,23,"[Tag: splatoon, Tag: doodle, Tag: art, Tag: nintendo]",https://scontent.cdninstagram.com/hphotos-xaf1/t51.2885-15/e15/11272954_1429436460697958_1985865439_n.jpg
989487423719542428_851150322,2015-05-21 02:41:54,Normal,56,"[Tag: kobebryant, Tag: uswnt]",https://scontent.cdninstagram.com/hphotos-xfa1/t51.2885-15/e15/11313707_499985816821392_1387228190_n.jpg
989486387090559766_186366923,2015-05-21 02:39:50,Normal,7,"[Tag: bane, Tag: iquit]",https://scontent.cdninstagram.com/hphotos-xaf1/t51.2885-15/e15/11355046_885668978161518_830837613_n.jpg
989484785252010567_304116633,2015-05-21 02:36:39,Normal,30,[Tag: teamrubio],https://scontent.cdninstagram.com/hphotos-xaf1/t51.2885-15/e15/11352432_903904876315345_95062949_n.jpg
989484637422799085_332229785,2015-05-21 02:36:22,Aden,34,"[Tag: nailsdid, Tag: sparklesparkle]",https://scontent.cdninstagram.com/hphotos-xaf1/t51.2885-15/e15/11282838_886966501345494_65359183_n.jpg
989483231741874370_2187947,2015-05-21 02:33:34,Reyes,30,"[Tag: mayibeginyoga2015, Tag: 20, Tag: marichasana]",https://scontent.cdninstagram.com/hphotos-xaf1/t51.2885-15/e15/11335819_1656328414589107_913426929_n.jpg
989482177813002164_42197028,2015-05-21 02:31:29,Normal,19,[Tag: butimdoingit],https://scontent.cdninstagram.com/hphotos-xfa1/t51.2885-15/e15/11334641_377852915749213_518317636_n.jpg
989481607817899441_1721524394,2015-05-21 02:30:21,Juno,12,"[Tag: crazycatlady, Tag: catsofinstagram, Tag: cats, Tag: catsrock, Tag: zoolander, Tag: sammy, Tag: mainecooncat, Tag: vegasboy, Tag: lovecats]",https://scontent.cdninstagram.com/hphotos-xfa1/t51.2885-15/e15/11337221_1426435017677712_1056113396_n.jpg
